,Feature,Pearson,Chi-2,RFE,Logistics,Random Forest,LightGBM,Count
1,lowlevel_spectral_spread_median,False,True,True,True,False,False,3
2,lowlevel_erbbands_spread_mean,True,True,False,False,True,False,3
3,band_zrate_std,True,True,False,False,True,False,3
4,metadata_audio_properties_bit_rate,False,False,True,True,False,False,2
5,lowlevel_melbands_skewness_median,False,True,False,False,True,False,2
6,lowlevel_erbbands_spread_var,True,True,False,False,False,False,2
7,lowlevel_erbbands_spread_median,True,True,False,False,False,False,2
8,lowlevel_erbbands_flatness_db_stdev,True,False,False,False,True,False,2
9,contrast_3_mean,True,True,False,False,False,False,2
10,band_lowlevel_spectral_spread_median,False,False,True,True,False,False,2
11,band_lowlevel_spectral_spread_dmean2,False,False,True,True,False,False,2
12,band_lowlevel_erbbands_spread_var,True,True,False,False,False,False,2
13,lowlevel_spectral_spread_var,False,False,True,False,False,False,1
14,lowlevel_spectral_spread_stdev,False,False,False,True,False,False,1
15,lowlevel_spectral_spread_dvar2,False,False,True,False,False,False,1
16,lowlevel_spectral_spread_dvar,False,False,True,False,False,False,1
17,lowlevel_spectral_rolloff_var,False,False,False,True,False,False,1
18,lowlevel_spectral_rolloff_dvar2,False,False,False,True,False,False,1
19,lowlevel_erbbands_spread_kurt,False,False,False,False,True,False,1
20,lowlevel_erbbands_spread_dmean,False,False,False,False,True,False,1
21,lowlevel_erbbands_kurtosis_median,False,False,False,False,True,False,1
22,lowlevel_erbbands_flatness_db_var,True,False,False,False,False,False,1
23,lowlevel_barkbands_spread_dvar,False,False,False,False,True,False,1
24,lowlevel_barkbands_spread_dmean2,False,False,False,False,True,False,1
25,flat_mean,False,True,False,False,False,False,1
26,contrast_5_std,True,False,False,False,False,False,1
27,chroma_4_std,False,False,False,False,False,True,1
28,chroma_4_mean,False,False,False,False,False,True,1
29,chroma_3_std,False,False,False,False,False,True,1
30,chroma_3_mean,False,False,False,False,False,True,1
31,chroma_2_std,False,False,False,False,False,True,1
32,chroma_2_mean,False,False,False,False,False,True,1
33,chroma_1_std,False,False,False,False,False,True,1
34,chroma_1_mean,False,False,False,False,False,True,1
35,chroma_0_std,False,False,False,False,False,True,1
36,chroma_0_mean,False,False,False,False,False,True,1
37,band_lowlevel_zerocrossingrate_var,False,True,False,False,False,False,1
38,band_lowlevel_spectral_spread_var,False,False,True,False,False,False,1
39,band_lowlevel_spectral_spread_stdev,False,False,False,True,False,False,1
40,band_lowlevel_spectral_spread_mean,False,False,False,True,False,False,1
41,band_lowlevel_spectral_spread_dvar2,False,False,True,False,False,False,1
42,band_lowlevel_spectral_spread_dvar,False,False,True,False,False,False,1
43,band_lowlevel_spectral_spread_dmean,False,False,False,True,False,False,1
44,band_lowlevel_erbbands_spread_stdev,True,False,False,False,False,False,1
45,band_chroma_4_mean,False,False,False,False,True,False,1
46,zrate_std,False,False,False,False,False,False,0
47,zrate_skew,False,False,False,False,False,False,0
48,zrate_mean,False,False,False,False,False,False,0
49,tonal_tuning_nontempered_energy_ratio,False,False,False,False,False,False,0
50,tonal_tuning_frequency,False,False,False,False,False,False,0
51,tonal_tuning_equal_tempered_deviation,False,False,False,False,False,False,0
52,tonal_tuning_diatonic_strength,False,False,False,False,False,False,0
53,tonal_key_temperley_strength,False,False,False,False,False,False,0
54,tonal_key_krumhansl_strength,False,False,False,False,False,False,0
55,tonal_key_edma_strength,False,False,False,False,False,False,0
56,tonal_hpcp_entropy_var,False,False,False,False,False,False,0
57,tonal_hpcp_entropy_stdev,False,False,False,False,False,False,0
58,tonal_hpcp_entropy_skew,False,False,False,False,False,False,0
59,tonal_hpcp_entropy_median,False,False,False,False,False,False,0
60,tonal_hpcp_entropy_mean,False,False,False,False,False,False,0
61,tonal_hpcp_entropy_kurt,False,False,False,False,False,False,0
62,tonal_hpcp_entropy_dvar2,False,False,False,False,False,False,0
63,tonal_hpcp_entropy_dvar,False,False,False,False,False,False,0
64,tonal_hpcp_entropy_dmean2,False,False,False,False,False,False,0
65,tonal_hpcp_entropy_dmean,False,False,False,False,False,False,0
66,tonal_hpcp_crest_var,False,False,False,False,False,False,0
67,tonal_hpcp_crest_stdev,False,False,False,False,False,False,0
68,tonal_hpcp_crest_skew,False,False,False,False,False,False,0
69,tonal_hpcp_crest_median,False,False,False,False,False,False,0
70,tonal_hpcp_crest_mean,False,False,False,False,False,False,0
71,tonal_hpcp_crest_kurt,False,False,False,False,False,False,0
72,tonal_hpcp_crest_dvar2,False,False,False,False,False,False,0
73,tonal_hpcp_crest_dvar,False,False,False,False,False,False,0
74,tonal_hpcp_crest_dmean2,False,False,False,False,False,False,0
75,tonal_hpcp_crest_dmean,False,False,False,False,False,False,0
76,tonal_chords_strength_var,False,False,False,False,False,False,0
77,tonal_chords_strength_stdev,False,False,False,False,False,False,0
78,tonal_chords_strength_skew,False,False,False,False,False,False,0
79,tonal_chords_strength_median,False,False,False,False,False,False,0
80,tonal_chords_strength_mean,False,False,False,False,False,False,0
81,tonal_chords_strength_kurt,False,False,False,False,False,False,0
82,tonal_chords_strength_dvar2,False,False,False,False,False,False,0
83,tonal_chords_strength_dvar,False,False,False,False,False,False,0
84,tonal_chords_strength_dmean2,False,False,False,False,False,False,0
85,tonal_chords_strength_dmean,False,False,False,False,False,False,0
86,tonal_chords_number_rate,False,False,False,False,False,False,0
87,tonal_chords_changes_rate,False,False,False,False,False,False,0
88,tempo,False,False,False,False,False,False,0
89,rolloff_std,False,False,False,False,False,False,0
90,rolloff_skew,False,False,False,False,False,False,0
91,rolloff_mean,False,False,False,False,False,False,0
92,rhythm_onset_rate,False,False,False,False,False,False,0
93,rhythm_danceability,False,False,False,False,False,False,0
94,rhythm_bpm_histogram_second_peak_weight,False,False,False,False,False,False,0
95,rhythm_bpm_histogram_second_peak_spread,False,False,False,False,False,False,0
96,rhythm_bpm_histogram_second_peak_bpm,False,False,False,False,False,False,0
97,rhythm_bpm_histogram_first_peak_weight,False,False,False,False,False,False,0
98,rhythm_bpm_histogram_first_peak_bpm,False,False,False,False,False,False,0
99,rhythm_bpm,False,False,False,False,False,False,0
100,rhythm_beats_loudness_var,False,False,False,False,False,False,0
101,rhythm_beats_loudness_stdev,False,False,False,False,False,False,0
102,rhythm_beats_loudness_skew,False,False,False,False,False,False,0
103,rhythm_beats_loudness_median,False,False,False,False,False,False,0
104,rhythm_beats_loudness_mean,False,False,False,False,False,False,0
105,rhythm_beats_loudness_kurt,False,False,False,False,False,False,0
106,rhythm_beats_loudness_dvar2,False,False,False,False,False,False,0
107,rhythm_beats_loudness_dvar,False,False,False,False,False,False,0
108,rhythm_beats_loudness_dmean2,False,False,False,False,False,False,0
109,rhythm_beats_loudness_dmean,False,False,False,False,False,False,0
110,rhythm_beats_count,False,False,False,False,False,False,0
111,mfccs_9_std,False,False,False,False,False,False,0
112,mfccs_9_mean,False,False,False,False,False,False,0
113,mfccs_8_std,False,False,False,False,False,False,0
114,mfccs_8_mean,False,False,False,False,False,False,0
115,mfccs_7_std,False,False,False,False,False,False,0
116,mfccs_7_mean,False,False,False,False,False,False,0
117,mfccs_6_std,False,False,False,False,False,False,0
118,mfccs_6_mean,False,False,False,False,False,False,0
119,mfccs_5_std,False,False,False,False,False,False,0
120,mfccs_5_mean,False,False,False,False,False,False,0
121,mfccs_4_std,False,False,False,False,False,False,0
122,mfccs_4_mean,False,False,False,False,False,False,0
123,mfccs_3_std,False,False,False,False,False,False,0
124,mfccs_3_mean,False,False,False,False,False,False,0
125,mfccs_2_std,False,False,False,False,False,False,0
126,mfccs_2_mean,False,False,False,False,False,False,0
127,mfccs_1_std,False,False,False,False,False,False,0
128,mfccs_1_mean,False,False,False,False,False,False,0
129,mfccs_12_std,False,False,False,False,False,False,0
130,mfccs_12_mean,False,False,False,False,False,False,0
131,mfccs_11_std,False,False,False,False,False,False,0
132,mfccs_11_mean,False,False,False,False,False,False,0
133,mfccs_10_std,False,False,False,False,False,False,0
134,mfccs_10_mean,False,False,False,False,False,False,0
135,mfccs_0_std,False,False,False,False,False,False,0
136,mfccs_0_mean,False,False,False,False,False,False,0
137,metadata_audio_properties_sample_rate,False,False,False,False,False,False,0
138,metadata_audio_properties_replay_gain,False,False,False,False,False,False,0
139,metadata_audio_properties_number_channels,False,False,False,False,False,False,0
140,metadata_audio_properties_lossless,False,False,False,False,False,False,0
141,metadata_audio_properties_length,False,False,False,False,False,False,0
142,metadata_audio_properties_analysis_start_time,False,False,False,False,False,False,0
143,metadata_audio_properties_analysis_sample_rate,False,False,False,False,False,False,0
144,metadata_audio_properties_analysis_length,False,False,False,False,False,False,0
145,metadata_audio_properties_analysis_equal_loudness,False,False,False,False,False,False,0
146,lowlevel_zerocrossingrate_var,False,False,False,False,False,False,0
147,lowlevel_zerocrossingrate_stdev,False,False,False,False,False,False,0
148,lowlevel_zerocrossingrate_skew,False,False,False,False,False,False,0
149,lowlevel_zerocrossingrate_median,False,False,False,False,False,False,0
150,lowlevel_zerocrossingrate_mean,False,False,False,False,False,False,0
151,lowlevel_zerocrossingrate_kurt,False,False,False,False,False,False,0
152,lowlevel_zerocrossingrate_dvar2,False,False,False,False,False,False,0
153,lowlevel_zerocrossingrate_dvar,False,False,False,False,False,False,0
154,lowlevel_zerocrossingrate_dmean2,False,False,False,False,False,False,0
155,lowlevel_zerocrossingrate_dmean,False,False,False,False,False,False,0
156,lowlevel_spectral_strongpeak_var,False,False,False,False,False,False,0
157,lowlevel_spectral_strongpeak_stdev,False,False,False,False,False,False,0
158,lowlevel_spectral_strongpeak_skew,False,False,False,False,False,False,0
159,lowlevel_spectral_strongpeak_median,False,False,False,False,False,False,0
160,lowlevel_spectral_strongpeak_mean,False,False,False,False,False,False,0
161,lowlevel_spectral_strongpeak_kurt,False,False,False,False,False,False,0
162,lowlevel_spectral_strongpeak_dvar2,False,False,False,False,False,False,0
163,lowlevel_spectral_strongpeak_dvar,False,False,False,False,False,False,0
164,lowlevel_spectral_strongpeak_dmean2,False,False,False,False,False,False,0
165,lowlevel_spectral_strongpeak_dmean,False,False,False,False,False,False,0
166,lowlevel_spectral_spread_skew,False,False,False,False,False,False,0
167,lowlevel_spectral_spread_mean,False,False,False,False,False,False,0
168,lowlevel_spectral_spread_kurt,False,False,False,False,False,False,0
169,lowlevel_spectral_spread_dmean2,False,False,False,False,False,False,0
170,lowlevel_spectral_spread_dmean,False,False,False,False,False,False,0
171,lowlevel_spectral_skewness_var,False,False,False,False,False,False,0
172,lowlevel_spectral_skewness_stdev,False,False,False,False,False,False,0
173,lowlevel_spectral_skewness_skew,False,False,False,False,False,False,0
174,lowlevel_spectral_skewness_median,False,False,False,False,False,False,0
175,lowlevel_spectral_skewness_mean,False,False,False,False,False,False,0
176,lowlevel_spectral_skewness_kurt,False,False,False,False,False,False,0
177,lowlevel_spectral_skewness_dvar2,False,False,False,False,False,False,0
178,lowlevel_spectral_skewness_dvar,False,False,False,False,False,False,0
179,lowlevel_spectral_skewness_dmean2,False,False,False,False,False,False,0
180,lowlevel_spectral_skewness_dmean,False,False,False,False,False,False,0
181,lowlevel_spectral_rolloff_stdev,False,False,False,False,False,False,0
182,lowlevel_spectral_rolloff_skew,False,False,False,False,False,False,0
183,lowlevel_spectral_rolloff_median,False,False,False,False,False,False,0
184,lowlevel_spectral_rolloff_mean,False,False,False,False,False,False,0
185,lowlevel_spectral_rolloff_kurt,False,False,False,False,False,False,0
186,lowlevel_spectral_rolloff_dvar,False,False,False,False,False,False,0
187,lowlevel_spectral_rolloff_dmean2,False,False,False,False,False,False,0
188,lowlevel_spectral_rolloff_dmean,False,False,False,False,False,False,0
189,lowlevel_spectral_rms_var,False,False,False,False,False,False,0
190,lowlevel_spectral_rms_stdev,False,False,False,False,False,False,0
191,lowlevel_spectral_rms_skew,False,False,False,False,False,False,0
192,lowlevel_spectral_rms_median,False,False,False,False,False,False,0
193,lowlevel_spectral_rms_mean,False,False,False,False,False,False,0
194,lowlevel_spectral_rms_kurt,False,False,False,False,False,False,0
195,lowlevel_spectral_rms_dvar2,False,False,False,False,False,False,0
196,lowlevel_spectral_rms_dvar,False,False,False,False,False,False,0
197,lowlevel_spectral_rms_dmean2,False,False,False,False,False,False,0
198,lowlevel_spectral_rms_dmean,False,False,False,False,False,False,0
199,lowlevel_spectral_kurtosis_var,False,False,False,False,False,False,0
200,lowlevel_spectral_kurtosis_stdev,False,False,False,False,False,False,0
201,lowlevel_spectral_kurtosis_skew,False,False,False,False,False,False,0
202,lowlevel_spectral_kurtosis_median,False,False,False,False,False,False,0
203,lowlevel_spectral_kurtosis_mean,False,False,False,False,False,False,0
204,lowlevel_spectral_kurtosis_kurt,False,False,False,False,False,False,0
205,lowlevel_spectral_kurtosis_dvar2,False,False,False,False,False,False,0
206,lowlevel_spectral_kurtosis_dvar,False,False,False,False,False,False,0
207,lowlevel_spectral_kurtosis_dmean2,False,False,False,False,False,False,0
208,lowlevel_spectral_kurtosis_dmean,False,False,False,False,False,False,0
209,lowlevel_spectral_flux_var,False,False,False,False,False,False,0
210,lowlevel_spectral_flux_stdev,False,False,False,False,False,False,0
211,lowlevel_spectral_flux_skew,False,False,False,False,False,False,0
212,lowlevel_spectral_flux_median,False,False,False,False,False,False,0
213,lowlevel_spectral_flux_mean,False,False,False,False,False,False,0
214,lowlevel_spectral_flux_kurt,False,False,False,False,False,False,0
215,lowlevel_spectral_flux_dvar2,False,False,False,False,False,False,0
216,lowlevel_spectral_flux_dvar,False,False,False,False,False,False,0
217,lowlevel_spectral_flux_dmean2,False,False,False,False,False,False,0
218,lowlevel_spectral_flux_dmean,False,False,False,False,False,False,0
219,lowlevel_spectral_entropy_var,False,False,False,False,False,False,0
220,lowlevel_spectral_entropy_stdev,False,False,False,False,False,False,0
221,lowlevel_spectral_entropy_skew,False,False,False,False,False,False,0
222,lowlevel_spectral_entropy_median,False,False,False,False,False,False,0
223,lowlevel_spectral_entropy_mean,False,False,False,False,False,False,0
224,lowlevel_spectral_entropy_kurt,False,False,False,False,False,False,0
225,lowlevel_spectral_entropy_dvar2,False,False,False,False,False,False,0
226,lowlevel_spectral_entropy_dvar,False,False,False,False,False,False,0
227,lowlevel_spectral_entropy_dmean2,False,False,False,False,False,False,0
228,lowlevel_spectral_entropy_dmean,False,False,False,False,False,False,0
229,lowlevel_spectral_energyband_middle_low_var,False,False,False,False,False,False,0
230,lowlevel_spectral_energyband_middle_low_stdev,False,False,False,False,False,False,0
231,lowlevel_spectral_energyband_middle_low_skew,False,False,False,False,False,False,0
232,lowlevel_spectral_energyband_middle_low_median,False,False,False,False,False,False,0
233,lowlevel_spectral_energyband_middle_low_mean,False,False,False,False,False,False,0
234,lowlevel_spectral_energyband_middle_low_kurt,False,False,False,False,False,False,0
235,lowlevel_spectral_energyband_middle_low_dvar2,False,False,False,False,False,False,0
236,lowlevel_spectral_energyband_middle_low_dvar,False,False,False,False,False,False,0
237,lowlevel_spectral_energyband_middle_low_dmean2,False,False,False,False,False,False,0
238,lowlevel_spectral_energyband_middle_low_dmean,False,False,False,False,False,False,0
239,lowlevel_spectral_energyband_middle_high_var,False,False,False,False,False,False,0
240,lowlevel_spectral_energyband_middle_high_stdev,False,False,False,False,False,False,0
241,lowlevel_spectral_energyband_middle_high_skew,False,False,False,False,False,False,0
242,lowlevel_spectral_energyband_middle_high_median,False,False,False,False,False,False,0
243,lowlevel_spectral_energyband_middle_high_mean,False,False,False,False,False,False,0
244,lowlevel_spectral_energyband_middle_high_kurt,False,False,False,False,False,False,0
245,lowlevel_spectral_energyband_middle_high_dvar2,False,False,False,False,False,False,0
246,lowlevel_spectral_energyband_middle_high_dvar,False,False,False,False,False,False,0
247,lowlevel_spectral_energyband_middle_high_dmean2,False,False,False,False,False,False,0
248,lowlevel_spectral_energyband_middle_high_dmean,False,False,False,False,False,False,0
249,lowlevel_spectral_energyband_low_var,False,False,False,False,False,False,0
250,lowlevel_spectral_energyband_low_stdev,False,False,False,False,False,False,0
251,lowlevel_spectral_energyband_low_skew,False,False,False,False,False,False,0
252,lowlevel_spectral_energyband_low_median,False,False,False,False,False,False,0
253,lowlevel_spectral_energyband_low_mean,False,False,False,False,False,False,0
254,lowlevel_spectral_energyband_low_kurt,False,False,False,False,False,False,0
255,lowlevel_spectral_energyband_low_dvar2,False,False,False,False,False,False,0
256,lowlevel_spectral_energyband_low_dvar,False,False,False,False,False,False,0
257,lowlevel_spectral_energyband_low_dmean2,False,False,False,False,False,False,0
258,lowlevel_spectral_energyband_low_dmean,False,False,False,False,False,False,0
259,lowlevel_spectral_energyband_high_var,False,False,False,False,False,False,0
260,lowlevel_spectral_energyband_high_stdev,False,False,False,False,False,False,0
261,lowlevel_spectral_energyband_high_skew,False,False,False,False,False,False,0
262,lowlevel_spectral_energyband_high_median,False,False,False,False,False,False,0
263,lowlevel_spectral_energyband_high_mean,False,False,False,False,False,False,0
264,lowlevel_spectral_energyband_high_kurt,False,False,False,False,False,False,0
265,lowlevel_spectral_energyband_high_dvar2,False,False,False,False,False,False,0
266,lowlevel_spectral_energyband_high_dvar,False,False,False,False,False,False,0
267,lowlevel_spectral_energyband_high_dmean2,False,False,False,False,False,False,0
268,lowlevel_spectral_energyband_high_dmean,False,False,False,False,False,False,0
269,lowlevel_spectral_energy_var,False,False,False,False,False,False,0
270,lowlevel_spectral_energy_stdev,False,False,False,False,False,False,0
271,lowlevel_spectral_energy_skew,False,False,False,False,False,False,0
272,lowlevel_spectral_energy_median,False,False,False,False,False,False,0
273,lowlevel_spectral_energy_mean,False,False,False,False,False,False,0
274,lowlevel_spectral_energy_kurt,False,False,False,False,False,False,0
275,lowlevel_spectral_energy_dvar2,False,False,False,False,False,False,0
276,lowlevel_spectral_energy_dvar,False,False,False,False,False,False,0
277,lowlevel_spectral_energy_dmean2,False,False,False,False,False,False,0
278,lowlevel_spectral_energy_dmean,False,False,False,False,False,False,0
279,lowlevel_spectral_decrease_var,False,False,False,False,False,False,0
280,lowlevel_spectral_decrease_stdev,False,False,False,False,False,False,0
281,lowlevel_spectral_decrease_skew,False,False,False,False,False,False,0
282,lowlevel_spectral_decrease_median,False,False,False,False,False,False,0
283,lowlevel_spectral_decrease_mean,False,False,False,False,False,False,0
284,lowlevel_spectral_decrease_kurt,False,False,False,False,False,False,0
285,lowlevel_spectral_decrease_dvar2,False,False,False,False,False,False,0
286,lowlevel_spectral_decrease_dvar,False,False,False,False,False,False,0
287,lowlevel_spectral_decrease_dmean2,False,False,False,False,False,False,0
288,lowlevel_spectral_decrease_dmean,False,False,False,False,False,False,0
289,lowlevel_spectral_complexity_var,False,False,False,False,False,False,0
290,lowlevel_spectral_complexity_stdev,False,False,False,False,False,False,0
291,lowlevel_spectral_complexity_skew,False,False,False,False,False,False,0
292,lowlevel_spectral_complexity_median,False,False,False,False,False,False,0
293,lowlevel_spectral_complexity_mean,False,False,False,False,False,False,0
294,lowlevel_spectral_complexity_kurt,False,False,False,False,False,False,0
295,lowlevel_spectral_complexity_dvar2,False,False,False,False,False,False,0
296,lowlevel_spectral_complexity_dvar,False,False,False,False,False,False,0
297,lowlevel_spectral_complexity_dmean2,False,False,False,False,False,False,0
298,lowlevel_spectral_complexity_dmean,False,False,False,False,False,False,0
299,lowlevel_spectral_centroid_var,False,False,False,False,False,False,0
300,lowlevel_spectral_centroid_stdev,False,False,False,False,False,False,0
301,lowlevel_spectral_centroid_skew,False,False,False,False,False,False,0
302,lowlevel_spectral_centroid_median,False,False,False,False,False,False,0
303,lowlevel_spectral_centroid_mean,False,False,False,False,False,False,0
304,lowlevel_spectral_centroid_kurt,False,False,False,False,False,False,0
305,lowlevel_spectral_centroid_dvar2,False,False,False,False,False,False,0
306,lowlevel_spectral_centroid_dvar,False,False,False,False,False,False,0
307,lowlevel_spectral_centroid_dmean2,False,False,False,False,False,False,0
308,lowlevel_spectral_centroid_dmean,False,False,False,False,False,False,0
309,lowlevel_silence_rate_60dB_var,False,False,False,False,False,False,0
310,lowlevel_silence_rate_60dB_stdev,False,False,False,False,False,False,0
311,lowlevel_silence_rate_60dB_skew,False,False,False,False,False,False,0
312,lowlevel_silence_rate_60dB_median,False,False,False,False,False,False,0
313,lowlevel_silence_rate_60dB_mean,False,False,False,False,False,False,0
314,lowlevel_silence_rate_60dB_kurt,False,False,False,False,False,False,0
315,lowlevel_silence_rate_60dB_dvar2,False,False,False,False,False,False,0
316,lowlevel_silence_rate_60dB_dvar,False,False,False,False,False,False,0
317,lowlevel_silence_rate_60dB_dmean2,False,False,False,False,False,False,0
318,lowlevel_silence_rate_60dB_dmean,False,False,False,False,False,False,0
319,lowlevel_silence_rate_30dB_var,False,False,False,False,False,False,0
320,lowlevel_silence_rate_30dB_stdev,False,False,False,False,False,False,0
321,lowlevel_silence_rate_30dB_skew,False,False,False,False,False,False,0
322,lowlevel_silence_rate_30dB_median,False,False,False,False,False,False,0
323,lowlevel_silence_rate_30dB_mean,False,False,False,False,False,False,0
324,lowlevel_silence_rate_30dB_kurt,False,False,False,False,False,False,0
325,lowlevel_silence_rate_30dB_dvar2,False,False,False,False,False,False,0
326,lowlevel_silence_rate_30dB_dvar,False,False,False,False,False,False,0
327,lowlevel_silence_rate_30dB_dmean2,False,False,False,False,False,False,0
328,lowlevel_silence_rate_30dB_dmean,False,False,False,False,False,False,0
329,lowlevel_silence_rate_20dB_var,False,False,False,False,False,False,0
330,lowlevel_silence_rate_20dB_stdev,False,False,False,False,False,False,0
331,lowlevel_silence_rate_20dB_skew,False,False,False,False,False,False,0
332,lowlevel_silence_rate_20dB_median,False,False,False,False,False,False,0
333,lowlevel_silence_rate_20dB_mean,False,False,False,False,False,False,0
334,lowlevel_silence_rate_20dB_kurt,False,False,False,False,False,False,0
335,lowlevel_silence_rate_20dB_dvar2,False,False,False,False,False,False,0
336,lowlevel_silence_rate_20dB_dvar,False,False,False,False,False,False,0
337,lowlevel_silence_rate_20dB_dmean2,False,False,False,False,False,False,0
338,lowlevel_silence_rate_20dB_dmean,False,False,False,False,False,False,0
339,lowlevel_pitch_salience_var,False,False,False,False,False,False,0
340,lowlevel_pitch_salience_stdev,False,False,False,False,False,False,0
341,lowlevel_pitch_salience_skew,False,False,False,False,False,False,0
342,lowlevel_pitch_salience_median,False,False,False,False,False,False,0
343,lowlevel_pitch_salience_mean,False,False,False,False,False,False,0
344,lowlevel_pitch_salience_kurt,False,False,False,False,False,False,0
345,lowlevel_pitch_salience_dvar2,False,False,False,False,False,False,0
346,lowlevel_pitch_salience_dvar,False,False,False,False,False,False,0
347,lowlevel_pitch_salience_dmean2,False,False,False,False,False,False,0
348,lowlevel_pitch_salience_dmean,False,False,False,False,False,False,0
349,lowlevel_melbands_spread_var,False,False,False,False,False,False,0
350,lowlevel_melbands_spread_stdev,False,False,False,False,False,False,0
351,lowlevel_melbands_spread_skew,False,False,False,False,False,False,0
352,lowlevel_melbands_spread_median,False,False,False,False,False,False,0
353,lowlevel_melbands_spread_mean,False,False,False,False,False,False,0
354,lowlevel_melbands_spread_kurt,False,False,False,False,False,False,0
355,lowlevel_melbands_spread_dvar2,False,False,False,False,False,False,0
356,lowlevel_melbands_spread_dvar,False,False,False,False,False,False,0
357,lowlevel_melbands_spread_dmean2,False,False,False,False,False,False,0
358,lowlevel_melbands_spread_dmean,False,False,False,False,False,False,0
359,lowlevel_melbands_skewness_var,False,False,False,False,False,False,0
360,lowlevel_melbands_skewness_stdev,False,False,False,False,False,False,0
361,lowlevel_melbands_skewness_skew,False,False,False,False,False,False,0
362,lowlevel_melbands_skewness_mean,False,False,False,False,False,False,0
363,lowlevel_melbands_skewness_kurt,False,False,False,False,False,False,0
364,lowlevel_melbands_skewness_dvar2,False,False,False,False,False,False,0
365,lowlevel_melbands_skewness_dvar,False,False,False,False,False,False,0
366,lowlevel_melbands_skewness_dmean2,False,False,False,False,False,False,0
367,lowlevel_melbands_skewness_dmean,False,False,False,False,False,False,0
368,lowlevel_melbands_kurtosis_var,False,False,False,False,False,False,0
369,lowlevel_melbands_kurtosis_stdev,False,False,False,False,False,False,0
370,lowlevel_melbands_kurtosis_skew,False,False,False,False,False,False,0
371,lowlevel_melbands_kurtosis_median,False,False,False,False,False,False,0
372,lowlevel_melbands_kurtosis_mean,False,False,False,False,False,False,0
373,lowlevel_melbands_kurtosis_kurt,False,False,False,False,False,False,0
374,lowlevel_melbands_kurtosis_dvar2,False,False,False,False,False,False,0
375,lowlevel_melbands_kurtosis_dvar,False,False,False,False,False,False,0
376,lowlevel_melbands_kurtosis_dmean2,False,False,False,False,False,False,0
377,lowlevel_melbands_kurtosis_dmean,False,False,False,False,False,False,0
378,lowlevel_melbands_flatness_db_var,False,False,False,False,False,False,0
379,lowlevel_melbands_flatness_db_stdev,False,False,False,False,False,False,0
380,lowlevel_melbands_flatness_db_skew,False,False,False,False,False,False,0
381,lowlevel_melbands_flatness_db_median,False,False,False,False,False,False,0
382,lowlevel_melbands_flatness_db_mean,False,False,False,False,False,False,0
383,lowlevel_melbands_flatness_db_kurt,False,False,False,False,False,False,0
384,lowlevel_melbands_flatness_db_dvar2,False,False,False,False,False,False,0
385,lowlevel_melbands_flatness_db_dvar,False,False,False,False,False,False,0
386,lowlevel_melbands_flatness_db_dmean2,False,False,False,False,False,False,0
387,lowlevel_melbands_flatness_db_dmean,False,False,False,False,False,False,0
388,lowlevel_melbands_crest_var,False,False,False,False,False,False,0
389,lowlevel_melbands_crest_stdev,False,False,False,False,False,False,0
390,lowlevel_melbands_crest_skew,False,False,False,False,False,False,0
391,lowlevel_melbands_crest_median,False,False,False,False,False,False,0
392,lowlevel_melbands_crest_mean,False,False,False,False,False,False,0
393,lowlevel_melbands_crest_kurt,False,False,False,False,False,False,0
394,lowlevel_melbands_crest_dvar2,False,False,False,False,False,False,0
395,lowlevel_melbands_crest_dvar,False,False,False,False,False,False,0
396,lowlevel_melbands_crest_dmean2,False,False,False,False,False,False,0
397,lowlevel_melbands_crest_dmean,False,False,False,False,False,False,0
398,lowlevel_loudness_ebu128_short_term_var,False,False,False,False,False,False,0
399,lowlevel_loudness_ebu128_short_term_stdev,False,False,False,False,False,False,0
400,lowlevel_loudness_ebu128_short_term_skew,False,False,False,False,False,False,0
401,lowlevel_loudness_ebu128_short_term_median,False,False,False,False,False,False,0
402,lowlevel_loudness_ebu128_short_term_mean,False,False,False,False,False,False,0
403,lowlevel_loudness_ebu128_short_term_kurt,False,False,False,False,False,False,0
404,lowlevel_loudness_ebu128_short_term_dvar2,False,False,False,False,False,False,0
405,lowlevel_loudness_ebu128_short_term_dvar,False,False,False,False,False,False,0
406,lowlevel_loudness_ebu128_short_term_dmean2,False,False,False,False,False,False,0
407,lowlevel_loudness_ebu128_short_term_dmean,False,False,False,False,False,False,0
408,lowlevel_loudness_ebu128_momentary_var,False,False,False,False,False,False,0
409,lowlevel_loudness_ebu128_momentary_stdev,False,False,False,False,False,False,0
410,lowlevel_loudness_ebu128_momentary_skew,False,False,False,False,False,False,0
411,lowlevel_loudness_ebu128_momentary_median,False,False,False,False,False,False,0
412,lowlevel_loudness_ebu128_momentary_mean,False,False,False,False,False,False,0
413,lowlevel_loudness_ebu128_momentary_kurt,False,False,False,False,False,False,0
414,lowlevel_loudness_ebu128_momentary_dvar2,False,False,False,False,False,False,0
415,lowlevel_loudness_ebu128_momentary_dvar,False,False,False,False,False,False,0
416,lowlevel_loudness_ebu128_momentary_dmean2,False,False,False,False,False,False,0
417,lowlevel_loudness_ebu128_momentary_dmean,False,False,False,False,False,False,0
418,lowlevel_loudness_ebu128_loudness_range,False,False,False,False,False,False,0
419,lowlevel_loudness_ebu128_integrated,False,False,False,False,False,False,0
420,lowlevel_hfc_var,False,False,False,False,False,False,0
421,lowlevel_hfc_stdev,False,False,False,False,False,False,0
422,lowlevel_hfc_skew,False,False,False,False,False,False,0
423,lowlevel_hfc_median,False,False,False,False,False,False,0
424,lowlevel_hfc_mean,False,False,False,False,False,False,0
425,lowlevel_hfc_kurt,False,False,False,False,False,False,0
426,lowlevel_hfc_dvar2,False,False,False,False,False,False,0
427,lowlevel_hfc_dvar,False,False,False,False,False,False,0
428,lowlevel_hfc_dmean2,False,False,False,False,False,False,0
429,lowlevel_hfc_dmean,False,False,False,False,False,False,0
430,lowlevel_erbbands_spread_stdev,False,False,False,False,False,False,0
431,lowlevel_erbbands_spread_skew,False,False,False,False,False,False,0
432,lowlevel_erbbands_spread_dvar2,False,False,False,False,False,False,0
433,lowlevel_erbbands_spread_dvar,False,False,False,False,False,False,0
434,lowlevel_erbbands_spread_dmean2,False,False,False,False,False,False,0
435,lowlevel_erbbands_skewness_var,False,False,False,False,False,False,0
436,lowlevel_erbbands_skewness_stdev,False,False,False,False,False,False,0
437,lowlevel_erbbands_skewness_skew,False,False,False,False,False,False,0
438,lowlevel_erbbands_skewness_median,False,False,False,False,False,False,0
439,lowlevel_erbbands_skewness_mean,False,False,False,False,False,False,0
440,lowlevel_erbbands_skewness_kurt,False,False,False,False,False,False,0
441,lowlevel_erbbands_skewness_dvar2,False,False,False,False,False,False,0
442,lowlevel_erbbands_skewness_dvar,False,False,False,False,False,False,0
443,lowlevel_erbbands_skewness_dmean2,False,False,False,False,False,False,0
444,lowlevel_erbbands_skewness_dmean,False,False,False,False,False,False,0
445,lowlevel_erbbands_kurtosis_var,False,False,False,False,False,False,0
446,lowlevel_erbbands_kurtosis_stdev,False,False,False,False,False,False,0
447,lowlevel_erbbands_kurtosis_skew,False,False,False,False,False,False,0
448,lowlevel_erbbands_kurtosis_mean,False,False,False,False,False,False,0
449,lowlevel_erbbands_kurtosis_kurt,False,False,False,False,False,False,0
450,lowlevel_erbbands_kurtosis_dvar2,False,False,False,False,False,False,0
451,lowlevel_erbbands_kurtosis_dvar,False,False,False,False,False,False,0
452,lowlevel_erbbands_kurtosis_dmean2,False,False,False,False,False,False,0
453,lowlevel_erbbands_kurtosis_dmean,False,False,False,False,False,False,0
454,lowlevel_erbbands_flatness_db_skew,False,False,False,False,False,False,0
455,lowlevel_erbbands_flatness_db_median,False,False,False,False,False,False,0
456,lowlevel_erbbands_flatness_db_mean,False,False,False,False,False,False,0
457,lowlevel_erbbands_flatness_db_kurt,False,False,False,False,False,False,0
458,lowlevel_erbbands_flatness_db_dvar2,False,False,False,False,False,False,0
459,lowlevel_erbbands_flatness_db_dvar,False,False,False,False,False,False,0
460,lowlevel_erbbands_flatness_db_dmean2,False,False,False,False,False,False,0
461,lowlevel_erbbands_flatness_db_dmean,False,False,False,False,False,False,0
462,lowlevel_erbbands_crest_var,False,False,False,False,False,False,0
463,lowlevel_erbbands_crest_stdev,False,False,False,False,False,False,0
464,lowlevel_erbbands_crest_skew,False,False,False,False,False,False,0
465,lowlevel_erbbands_crest_median,False,False,False,False,False,False,0
466,lowlevel_erbbands_crest_mean,False,False,False,False,False,False,0
467,lowlevel_erbbands_crest_kurt,False,False,False,False,False,False,0
468,lowlevel_erbbands_crest_dvar2,False,False,False,False,False,False,0
469,lowlevel_erbbands_crest_dvar,False,False,False,False,False,False,0
470,lowlevel_erbbands_crest_dmean2,False,False,False,False,False,False,0
471,lowlevel_erbbands_crest_dmean,False,False,False,False,False,False,0
472,lowlevel_dynamic_complexity,False,False,False,False,False,False,0
473,lowlevel_dissonance_var,False,False,False,False,False,False,0
474,lowlevel_dissonance_stdev,False,False,False,False,False,False,0
475,lowlevel_dissonance_skew,False,False,False,False,False,False,0
476,lowlevel_dissonance_median,False,False,False,False,False,False,0
477,lowlevel_dissonance_mean,False,False,False,False,False,False,0
478,lowlevel_dissonance_kurt,False,False,False,False,False,False,0
479,lowlevel_dissonance_dvar2,False,False,False,False,False,False,0
480,lowlevel_dissonance_dvar,False,False,False,False,False,False,0
481,lowlevel_dissonance_dmean2,False,False,False,False,False,False,0
482,lowlevel_dissonance_dmean,False,False,False,False,False,False,0
483,lowlevel_barkbands_spread_var,False,False,False,False,False,False,0
484,lowlevel_barkbands_spread_stdev,False,False,False,False,False,False,0
485,lowlevel_barkbands_spread_skew,False,False,False,False,False,False,0
486,lowlevel_barkbands_spread_median,False,False,False,False,False,False,0
487,lowlevel_barkbands_spread_mean,False,False,False,False,False,False,0
488,lowlevel_barkbands_spread_kurt,False,False,False,False,False,False,0
489,lowlevel_barkbands_spread_dvar2,False,False,False,False,False,False,0
490,lowlevel_barkbands_spread_dmean,False,False,False,False,False,False,0
491,lowlevel_barkbands_skewness_var,False,False,False,False,False,False,0
492,lowlevel_barkbands_skewness_stdev,False,False,False,False,False,False,0
493,lowlevel_barkbands_skewness_skew,False,False,False,False,False,False,0
494,lowlevel_barkbands_skewness_median,False,False,False,False,False,False,0
495,lowlevel_barkbands_skewness_mean,False,False,False,False,False,False,0
496,lowlevel_barkbands_skewness_kurt,False,False,False,False,False,False,0
497,lowlevel_barkbands_skewness_dvar2,False,False,False,False,False,False,0
498,lowlevel_barkbands_skewness_dvar,False,False,False,False,False,False,0
499,lowlevel_barkbands_skewness_dmean2,False,False,False,False,False,False,0
500,lowlevel_barkbands_skewness_dmean,False,False,False,False,False,False,0
501,lowlevel_barkbands_kurtosis_var,False,False,False,False,False,False,0
502,lowlevel_barkbands_kurtosis_stdev,False,False,False,False,False,False,0
503,lowlevel_barkbands_kurtosis_skew,False,False,False,False,False,False,0
504,lowlevel_barkbands_kurtosis_median,False,False,False,False,False,False,0
505,lowlevel_barkbands_kurtosis_mean,False,False,False,False,False,False,0
506,lowlevel_barkbands_kurtosis_kurt,False,False,False,False,False,False,0
507,lowlevel_barkbands_kurtosis_dvar2,False,False,False,False,False,False,0
508,lowlevel_barkbands_kurtosis_dvar,False,False,False,False,False,False,0
509,lowlevel_barkbands_kurtosis_dmean2,False,False,False,False,False,False,0
510,lowlevel_barkbands_kurtosis_dmean,False,False,False,False,False,False,0
511,lowlevel_barkbands_flatness_db_var,False,False,False,False,False,False,0
512,lowlevel_barkbands_flatness_db_stdev,False,False,False,False,False,False,0
513,lowlevel_barkbands_flatness_db_skew,False,False,False,False,False,False,0
514,lowlevel_barkbands_flatness_db_median,False,False,False,False,False,False,0
515,lowlevel_barkbands_flatness_db_mean,False,False,False,False,False,False,0
516,lowlevel_barkbands_flatness_db_kurt,False,False,False,False,False,False,0
517,lowlevel_barkbands_flatness_db_dvar2,False,False,False,False,False,False,0
518,lowlevel_barkbands_flatness_db_dvar,False,False,False,False,False,False,0
519,lowlevel_barkbands_flatness_db_dmean2,False,False,False,False,False,False,0
520,lowlevel_barkbands_flatness_db_dmean,False,False,False,False,False,False,0
521,lowlevel_barkbands_crest_var,False,False,False,False,False,False,0
522,lowlevel_barkbands_crest_stdev,False,False,False,False,False,False,0
523,lowlevel_barkbands_crest_skew,False,False,False,False,False,False,0
524,lowlevel_barkbands_crest_median,False,False,False,False,False,False,0
525,lowlevel_barkbands_crest_mean,False,False,False,False,False,False,0
526,lowlevel_barkbands_crest_kurt,False,False,False,False,False,False,0
527,lowlevel_barkbands_crest_dvar2,False,False,False,False,False,False,0
528,lowlevel_barkbands_crest_dvar,False,False,False,False,False,False,0
529,lowlevel_barkbands_crest_dmean2,False,False,False,False,False,False,0
530,lowlevel_barkbands_crest_dmean,False,False,False,False,False,False,0
531,lowlevel_average_loudness,False,False,False,False,False,False,0
532,hum__Q0_0_1_Q1_0_75__salience_stdev,False,False,False,False,False,False,0
533,hum__Q0_0_1_Q1_0_75__salience_skew,False,False,False,False,False,False,0
534,hum__Q0_0_1_Q1_0_75__salience_mean,False,False,False,False,False,False,0
535,hum__Q0_0_1_Q1_0_75__length_stdev,False,False,False,False,False,False,0
536,hum__Q0_0_1_Q1_0_75__length_skew,False,False,False,False,False,False,0
537,hum__Q0_0_1_Q1_0_75__length_mean,False,False,False,False,False,False,0
538,hum__Q0_0_1_Q1_0_75__instances,False,False,False,False,False,False,0
539,hum__Q0_0_1_Q1_0_75__frequency_stdev,False,False,False,False,False,False,0
540,hum__Q0_0_1_Q1_0_75__frequency_skew,False,False,False,False,False,False,0
541,hum__Q0_0_1_Q1_0_75__frequency_mean,False,False,False,False,False,False,0
542,hum__Q0_0_1_Q1_0_55__salience_stdev,False,False,False,False,False,False,0
543,hum__Q0_0_1_Q1_0_55__salience_skew,False,False,False,False,False,False,0
544,hum__Q0_0_1_Q1_0_55__salience_mean,False,False,False,False,False,False,0
545,hum__Q0_0_1_Q1_0_55__length_stdev,False,False,False,False,False,False,0
546,hum__Q0_0_1_Q1_0_55__length_skew,False,False,False,False,False,False,0
547,hum__Q0_0_1_Q1_0_55__length_mean,False,False,False,False,False,False,0
548,hum__Q0_0_1_Q1_0_55__instances,False,False,False,False,False,False,0
549,hum__Q0_0_1_Q1_0_55__frequency_stdev,False,False,False,False,False,False,0
550,hum__Q0_0_1_Q1_0_55__frequency_skew,False,False,False,False,False,False,0
551,hum__Q0_0_1_Q1_0_55__frequency_mean,False,False,False,False,False,False,0
552,hum__Q0_0_1_Q1_0_25__salience_stdev,False,False,False,False,False,False,0
553,hum__Q0_0_1_Q1_0_25__salience_skew,False,False,False,False,False,False,0
554,hum__Q0_0_1_Q1_0_25__salience_mean,False,False,False,False,False,False,0
555,hum__Q0_0_1_Q1_0_25__length_stdev,False,False,False,False,False,False,0
556,hum__Q0_0_1_Q1_0_25__length_skew,False,False,False,False,False,False,0
557,hum__Q0_0_1_Q1_0_25__length_mean,False,False,False,False,False,False,0
558,hum__Q0_0_1_Q1_0_25__instances,False,False,False,False,False,False,0
559,hum__Q0_0_1_Q1_0_25__frequency_stdev,False,False,False,False,False,False,0
560,hum__Q0_0_1_Q1_0_25__frequency_skew,False,False,False,False,False,False,0
561,hum__Q0_0_1_Q1_0_25__frequency_mean,False,False,False,False,False,False,0
562,flat_std,False,False,False,False,False,False,0
563,flat_skew,False,False,False,False,False,False,0
564,ebm_value,False,False,False,False,False,False,0
565,ebm_upper_bound,False,False,False,False,False,False,0
566,ebm_lower_bound,False,False,False,False,False,False,0
567,discontinuity_locations_stdev,False,False,False,False,False,False,0
568,discontinuity_locations_skew,False,False,False,False,False,False,0
569,discontinuity_locations_mean,False,False,False,False,False,False,0
570,discontinuity_instances,False,False,False,False,False,False,0
571,discontinuity_amplitudes_stdev,False,False,False,False,False,False,0
572,discontinuity_amplitudes_skew,False,False,False,False,False,False,0
573,discontinuity_amplitudes_mean,False,False,False,False,False,False,0
574,contrast_6_std,False,False,False,False,False,False,0
575,contrast_6_mean,False,False,False,False,False,False,0
576,contrast_5_mean,False,False,False,False,False,False,0
577,contrast_4_std,False,False,False,False,False,False,0
578,contrast_4_mean,False,False,False,False,False,False,0
579,contrast_3_std,False,False,False,False,False,False,0
580,contrast_2_std,False,False,False,False,False,False,0
581,contrast_2_mean,False,False,False,False,False,False,0
582,contrast_1_std,False,False,False,False,False,False,0
583,contrast_1_mean,False,False,False,False,False,False,0
584,contrast_0_std,False,False,False,False,False,False,0
585,contrast_0_mean,False,False,False,False,False,False,0
586,clicks_starts_stdev,False,False,False,False,False,False,0
587,clicks_starts_skew,False,False,False,False,False,False,0
588,clicks_starts_mean,False,False,False,False,False,False,0
589,clicks_instances,False,False,False,False,False,False,0
590,clicks_durations_stdev,False,False,False,False,False,False,0
591,clicks_durations_skew,False,False,False,False,False,False,0
592,clicks_durations_mean,False,False,False,False,False,False,0
593,chroma_9_std,False,False,False,False,False,False,0
594,chroma_9_mean,False,False,False,False,False,False,0
595,chroma_8_std,False,False,False,False,False,False,0
596,chroma_8_mean,False,False,False,False,False,False,0
597,chroma_7_std,False,False,False,False,False,False,0
598,chroma_7_mean,False,False,False,False,False,False,0
599,chroma_6_std,False,False,False,False,False,False,0
600,chroma_6_mean,False,False,False,False,False,False,0
601,chroma_5_std,False,False,False,False,False,False,0
602,chroma_5_mean,False,False,False,False,False,False,0
603,chroma_11_std,False,False,False,False,False,False,0
604,chroma_11_mean,False,False,False,False,False,False,0
605,chroma_10_std,False,False,False,False,False,False,0
606,chroma_10_mean,False,False,False,False,False,False,0
607,cent_std,False,False,False,False,False,False,0
608,cent_skew,False,False,False,False,False,False,0
609,cent_mean,False,False,False,False,False,False,0
610,band_zrate_skew,False,False,False,False,False,False,0
611,band_zrate_mean,False,False,False,False,False,False,0
612,band_tonal_tuning_nontempered_energy_ratio,False,False,False,False,False,False,0
613,band_tonal_tuning_frequency,False,False,False,False,False,False,0
614,band_tonal_tuning_equal_tempered_deviation,False,False,False,False,False,False,0
615,band_tonal_tuning_diatonic_strength,False,False,False,False,False,False,0
616,band_tonal_key_temperley_strength,False,False,False,False,False,False,0
617,band_tonal_key_krumhansl_strength,False,False,False,False,False,False,0
618,band_tonal_key_edma_strength,False,False,False,False,False,False,0
619,band_tonal_hpcp_entropy_var,False,False,False,False,False,False,0
620,band_tonal_hpcp_entropy_stdev,False,False,False,False,False,False,0
621,band_tonal_hpcp_entropy_skew,False,False,False,False,False,False,0
622,band_tonal_hpcp_entropy_median,False,False,False,False,False,False,0
623,band_tonal_hpcp_entropy_mean,False,False,False,False,False,False,0
624,band_tonal_hpcp_entropy_kurt,False,False,False,False,False,False,0
625,band_tonal_hpcp_entropy_dvar2,False,False,False,False,False,False,0
626,band_tonal_hpcp_entropy_dvar,False,False,False,False,False,False,0
627,band_tonal_hpcp_entropy_dmean2,False,False,False,False,False,False,0
628,band_tonal_hpcp_entropy_dmean,False,False,False,False,False,False,0
629,band_tonal_hpcp_crest_var,False,False,False,False,False,False,0
630,band_tonal_hpcp_crest_stdev,False,False,False,False,False,False,0
631,band_tonal_hpcp_crest_skew,False,False,False,False,False,False,0
632,band_tonal_hpcp_crest_median,False,False,False,False,False,False,0
633,band_tonal_hpcp_crest_mean,False,False,False,False,False,False,0
634,band_tonal_hpcp_crest_kurt,False,False,False,False,False,False,0
635,band_tonal_hpcp_crest_dvar2,False,False,False,False,False,False,0
636,band_tonal_hpcp_crest_dvar,False,False,False,False,False,False,0
637,band_tonal_hpcp_crest_dmean2,False,False,False,False,False,False,0
638,band_tonal_hpcp_crest_dmean,False,False,False,False,False,False,0
639,band_tonal_chords_strength_var,False,False,False,False,False,False,0
640,band_tonal_chords_strength_stdev,False,False,False,False,False,False,0
641,band_tonal_chords_strength_skew,False,False,False,False,False,False,0
642,band_tonal_chords_strength_median,False,False,False,False,False,False,0
643,band_tonal_chords_strength_mean,False,False,False,False,False,False,0
644,band_tonal_chords_strength_kurt,False,False,False,False,False,False,0
645,band_tonal_chords_strength_dvar2,False,False,False,False,False,False,0
646,band_tonal_chords_strength_dvar,False,False,False,False,False,False,0
647,band_tonal_chords_strength_dmean2,False,False,False,False,False,False,0
648,band_tonal_chords_strength_dmean,False,False,False,False,False,False,0
649,band_tonal_chords_number_rate,False,False,False,False,False,False,0
650,band_tonal_chords_changes_rate,False,False,False,False,False,False,0
651,band_tempo,False,False,False,False,False,False,0
652,band_rolloff_std,False,False,False,False,False,False,0
653,band_rolloff_skew,False,False,False,False,False,False,0
654,band_rolloff_mean,False,False,False,False,False,False,0
655,band_rhythm_onset_rate,False,False,False,False,False,False,0
656,band_rhythm_danceability,False,False,False,False,False,False,0
657,band_rhythm_bpm_histogram_second_peak_weight,False,False,False,False,False,False,0
658,band_rhythm_bpm_histogram_second_peak_spread,False,False,False,False,False,False,0
659,band_rhythm_bpm_histogram_second_peak_bpm,False,False,False,False,False,False,0
660,band_rhythm_bpm_histogram_first_peak_weight,False,False,False,False,False,False,0
661,band_rhythm_bpm_histogram_first_peak_bpm,False,False,False,False,False,False,0
662,band_rhythm_bpm,False,False,False,False,False,False,0
663,band_rhythm_beats_loudness_var,False,False,False,False,False,False,0
664,band_rhythm_beats_loudness_stdev,False,False,False,False,False,False,0
665,band_rhythm_beats_loudness_skew,False,False,False,False,False,False,0
666,band_rhythm_beats_loudness_median,False,False,False,False,False,False,0
667,band_rhythm_beats_loudness_mean,False,False,False,False,False,False,0
668,band_rhythm_beats_loudness_kurt,False,False,False,False,False,False,0
669,band_rhythm_beats_loudness_dvar2,False,False,False,False,False,False,0
670,band_rhythm_beats_loudness_dvar,False,False,False,False,False,False,0
671,band_rhythm_beats_loudness_dmean2,False,False,False,False,False,False,0
672,band_rhythm_beats_loudness_dmean,False,False,False,False,False,False,0
673,band_rhythm_beats_count,False,False,False,False,False,False,0
674,band_mfccs_9_std,False,False,False,False,False,False,0
675,band_mfccs_9_mean,False,False,False,False,False,False,0
676,band_mfccs_8_std,False,False,False,False,False,False,0
677,band_mfccs_8_mean,False,False,False,False,False,False,0
678,band_mfccs_7_std,False,False,False,False,False,False,0
679,band_mfccs_7_mean,False,False,False,False,False,False,0
680,band_mfccs_6_std,False,False,False,False,False,False,0
681,band_mfccs_6_mean,False,False,False,False,False,False,0
682,band_mfccs_5_std,False,False,False,False,False,False,0
683,band_mfccs_5_mean,False,False,False,False,False,False,0
684,band_mfccs_4_std,False,False,False,False,False,False,0
685,band_mfccs_4_mean,False,False,False,False,False,False,0
686,band_mfccs_3_std,False,False,False,False,False,False,0
687,band_mfccs_3_mean,False,False,False,False,False,False,0
688,band_mfccs_2_std,False,False,False,False,False,False,0
689,band_mfccs_2_mean,False,False,False,False,False,False,0
690,band_mfccs_1_std,False,False,False,False,False,False,0
691,band_mfccs_1_mean,False,False,False,False,False,False,0
692,band_mfccs_12_std,False,False,False,False,False,False,0
693,band_mfccs_12_mean,False,False,False,False,False,False,0
694,band_mfccs_11_std,False,False,False,False,False,False,0
695,band_mfccs_11_mean,False,False,False,False,False,False,0
696,band_mfccs_10_std,False,False,False,False,False,False,0
697,band_mfccs_10_mean,False,False,False,False,False,False,0
698,band_mfccs_0_std,False,False,False,False,False,False,0
699,band_mfccs_0_mean,False,False,False,False,False,False,0
700,band_metadata_audio_properties_sample_rate,False,False,False,False,False,False,0
701,band_metadata_audio_properties_replay_gain,False,False,False,False,False,False,0
702,band_metadata_audio_properties_number_channels,False,False,False,False,False,False,0
703,band_metadata_audio_properties_lossless,False,False,False,False,False,False,0
704,band_metadata_audio_properties_length,False,False,False,False,False,False,0
705,band_metadata_audio_properties_bit_rate,False,False,False,False,False,False,0
706,band_metadata_audio_properties_analysis_start_time,False,False,False,False,False,False,0
707,band_metadata_audio_properties_analysis_sample_rate,False,False,False,False,False,False,0
708,band_metadata_audio_properties_analysis_length,False,False,False,False,False,False,0
709,band_metadata_audio_properties_analysis_equal_loudness,False,False,False,False,False,False,0
710,band_lowlevel_zerocrossingrate_stdev,False,False,False,False,False,False,0
711,band_lowlevel_zerocrossingrate_skew,False,False,False,False,False,False,0
712,band_lowlevel_zerocrossingrate_median,False,False,False,False,False,False,0
713,band_lowlevel_zerocrossingrate_mean,False,False,False,False,False,False,0
714,band_lowlevel_zerocrossingrate_kurt,False,False,False,False,False,False,0
715,band_lowlevel_zerocrossingrate_dvar2,False,False,False,False,False,False,0
716,band_lowlevel_zerocrossingrate_dvar,False,False,False,False,False,False,0
717,band_lowlevel_zerocrossingrate_dmean2,False,False,False,False,False,False,0
718,band_lowlevel_zerocrossingrate_dmean,False,False,False,False,False,False,0
719,band_lowlevel_spectral_strongpeak_var,False,False,False,False,False,False,0
720,band_lowlevel_spectral_strongpeak_stdev,False,False,False,False,False,False,0
721,band_lowlevel_spectral_strongpeak_skew,False,False,False,False,False,False,0
722,band_lowlevel_spectral_strongpeak_median,False,False,False,False,False,False,0
723,band_lowlevel_spectral_strongpeak_mean,False,False,False,False,False,False,0
724,band_lowlevel_spectral_strongpeak_kurt,False,False,False,False,False,False,0
725,band_lowlevel_spectral_strongpeak_dvar2,False,False,False,False,False,False,0
726,band_lowlevel_spectral_strongpeak_dvar,False,False,False,False,False,False,0
727,band_lowlevel_spectral_strongpeak_dmean2,False,False,False,False,False,False,0
728,band_lowlevel_spectral_strongpeak_dmean,False,False,False,False,False,False,0
729,band_lowlevel_spectral_spread_skew,False,False,False,False,False,False,0
730,band_lowlevel_spectral_spread_kurt,False,False,False,False,False,False,0
731,band_lowlevel_spectral_skewness_var,False,False,False,False,False,False,0
732,band_lowlevel_spectral_skewness_stdev,False,False,False,False,False,False,0
733,band_lowlevel_spectral_skewness_skew,False,False,False,False,False,False,0
734,band_lowlevel_spectral_skewness_median,False,False,False,False,False,False,0
735,band_lowlevel_spectral_skewness_mean,False,False,False,False,False,False,0
736,band_lowlevel_spectral_skewness_kurt,False,False,False,False,False,False,0
737,band_lowlevel_spectral_skewness_dvar2,False,False,False,False,False,False,0
738,band_lowlevel_spectral_skewness_dvar,False,False,False,False,False,False,0
739,band_lowlevel_spectral_skewness_dmean2,False,False,False,False,False,False,0
740,band_lowlevel_spectral_skewness_dmean,False,False,False,False,False,False,0
741,band_lowlevel_spectral_rolloff_var,False,False,False,False,False,False,0
742,band_lowlevel_spectral_rolloff_stdev,False,False,False,False,False,False,0
743,band_lowlevel_spectral_rolloff_skew,False,False,False,False,False,False,0
744,band_lowlevel_spectral_rolloff_median,False,False,False,False,False,False,0
745,band_lowlevel_spectral_rolloff_mean,False,False,False,False,False,False,0
746,band_lowlevel_spectral_rolloff_kurt,False,False,False,False,False,False,0
747,band_lowlevel_spectral_rolloff_dvar2,False,False,False,False,False,False,0
748,band_lowlevel_spectral_rolloff_dvar,False,False,False,False,False,False,0
749,band_lowlevel_spectral_rolloff_dmean2,False,False,False,False,False,False,0
750,band_lowlevel_spectral_rolloff_dmean,False,False,False,False,False,False,0
751,band_lowlevel_spectral_rms_var,False,False,False,False,False,False,0
752,band_lowlevel_spectral_rms_stdev,False,False,False,False,False,False,0
753,band_lowlevel_spectral_rms_skew,False,False,False,False,False,False,0
754,band_lowlevel_spectral_rms_median,False,False,False,False,False,False,0
755,band_lowlevel_spectral_rms_mean,False,False,False,False,False,False,0
756,band_lowlevel_spectral_rms_kurt,False,False,False,False,False,False,0
757,band_lowlevel_spectral_rms_dvar2,False,False,False,False,False,False,0
758,band_lowlevel_spectral_rms_dvar,False,False,False,False,False,False,0
759,band_lowlevel_spectral_rms_dmean2,False,False,False,False,False,False,0
760,band_lowlevel_spectral_rms_dmean,False,False,False,False,False,False,0
761,band_lowlevel_spectral_kurtosis_var,False,False,False,False,False,False,0
762,band_lowlevel_spectral_kurtosis_stdev,False,False,False,False,False,False,0
763,band_lowlevel_spectral_kurtosis_skew,False,False,False,False,False,False,0
764,band_lowlevel_spectral_kurtosis_median,False,False,False,False,False,False,0
765,band_lowlevel_spectral_kurtosis_mean,False,False,False,False,False,False,0
766,band_lowlevel_spectral_kurtosis_kurt,False,False,False,False,False,False,0
767,band_lowlevel_spectral_kurtosis_dvar2,False,False,False,False,False,False,0
768,band_lowlevel_spectral_kurtosis_dvar,False,False,False,False,False,False,0
769,band_lowlevel_spectral_kurtosis_dmean2,False,False,False,False,False,False,0
770,band_lowlevel_spectral_kurtosis_dmean,False,False,False,False,False,False,0
771,band_lowlevel_spectral_flux_var,False,False,False,False,False,False,0
772,band_lowlevel_spectral_flux_stdev,False,False,False,False,False,False,0
773,band_lowlevel_spectral_flux_skew,False,False,False,False,False,False,0
774,band_lowlevel_spectral_flux_median,False,False,False,False,False,False,0
775,band_lowlevel_spectral_flux_mean,False,False,False,False,False,False,0
776,band_lowlevel_spectral_flux_kurt,False,False,False,False,False,False,0
777,band_lowlevel_spectral_flux_dvar2,False,False,False,False,False,False,0
778,band_lowlevel_spectral_flux_dvar,False,False,False,False,False,False,0
779,band_lowlevel_spectral_flux_dmean2,False,False,False,False,False,False,0
780,band_lowlevel_spectral_flux_dmean,False,False,False,False,False,False,0
781,band_lowlevel_spectral_entropy_var,False,False,False,False,False,False,0
782,band_lowlevel_spectral_entropy_stdev,False,False,False,False,False,False,0
783,band_lowlevel_spectral_entropy_skew,False,False,False,False,False,False,0
784,band_lowlevel_spectral_entropy_median,False,False,False,False,False,False,0
785,band_lowlevel_spectral_entropy_mean,False,False,False,False,False,False,0
786,band_lowlevel_spectral_entropy_kurt,False,False,False,False,False,False,0
787,band_lowlevel_spectral_entropy_dvar2,False,False,False,False,False,False,0
788,band_lowlevel_spectral_entropy_dvar,False,False,False,False,False,False,0
789,band_lowlevel_spectral_entropy_dmean2,False,False,False,False,False,False,0
790,band_lowlevel_spectral_entropy_dmean,False,False,False,False,False,False,0
791,band_lowlevel_spectral_energyband_middle_low_var,False,False,False,False,False,False,0
792,band_lowlevel_spectral_energyband_middle_low_stdev,False,False,False,False,False,False,0
793,band_lowlevel_spectral_energyband_middle_low_skew,False,False,False,False,False,False,0
794,band_lowlevel_spectral_energyband_middle_low_median,False,False,False,False,False,False,0
795,band_lowlevel_spectral_energyband_middle_low_mean,False,False,False,False,False,False,0
796,band_lowlevel_spectral_energyband_middle_low_kurt,False,False,False,False,False,False,0
797,band_lowlevel_spectral_energyband_middle_low_dvar2,False,False,False,False,False,False,0
798,band_lowlevel_spectral_energyband_middle_low_dvar,False,False,False,False,False,False,0
799,band_lowlevel_spectral_energyband_middle_low_dmean2,False,False,False,False,False,False,0
800,band_lowlevel_spectral_energyband_middle_low_dmean,False,False,False,False,False,False,0
801,band_lowlevel_spectral_energyband_middle_high_var,False,False,False,False,False,False,0
802,band_lowlevel_spectral_energyband_middle_high_stdev,False,False,False,False,False,False,0
803,band_lowlevel_spectral_energyband_middle_high_skew,False,False,False,False,False,False,0
804,band_lowlevel_spectral_energyband_middle_high_median,False,False,False,False,False,False,0
805,band_lowlevel_spectral_energyband_middle_high_mean,False,False,False,False,False,False,0
806,band_lowlevel_spectral_energyband_middle_high_kurt,False,False,False,False,False,False,0
807,band_lowlevel_spectral_energyband_middle_high_dvar2,False,False,False,False,False,False,0
808,band_lowlevel_spectral_energyband_middle_high_dvar,False,False,False,False,False,False,0
809,band_lowlevel_spectral_energyband_middle_high_dmean2,False,False,False,False,False,False,0
810,band_lowlevel_spectral_energyband_middle_high_dmean,False,False,False,False,False,False,0
811,band_lowlevel_spectral_energyband_low_var,False,False,False,False,False,False,0
812,band_lowlevel_spectral_energyband_low_stdev,False,False,False,False,False,False,0
813,band_lowlevel_spectral_energyband_low_skew,False,False,False,False,False,False,0
814,band_lowlevel_spectral_energyband_low_median,False,False,False,False,False,False,0
815,band_lowlevel_spectral_energyband_low_mean,False,False,False,False,False,False,0
816,band_lowlevel_spectral_energyband_low_kurt,False,False,False,False,False,False,0
817,band_lowlevel_spectral_energyband_low_dvar2,False,False,False,False,False,False,0
818,band_lowlevel_spectral_energyband_low_dvar,False,False,False,False,False,False,0
819,band_lowlevel_spectral_energyband_low_dmean2,False,False,False,False,False,False,0
820,band_lowlevel_spectral_energyband_low_dmean,False,False,False,False,False,False,0
821,band_lowlevel_spectral_energyband_high_var,False,False,False,False,False,False,0
822,band_lowlevel_spectral_energyband_high_stdev,False,False,False,False,False,False,0
823,band_lowlevel_spectral_energyband_high_skew,False,False,False,False,False,False,0
824,band_lowlevel_spectral_energyband_high_median,False,False,False,False,False,False,0
825,band_lowlevel_spectral_energyband_high_mean,False,False,False,False,False,False,0
826,band_lowlevel_spectral_energyband_high_kurt,False,False,False,False,False,False,0
827,band_lowlevel_spectral_energyband_high_dvar2,False,False,False,False,False,False,0
828,band_lowlevel_spectral_energyband_high_dvar,False,False,False,False,False,False,0
829,band_lowlevel_spectral_energyband_high_dmean2,False,False,False,False,False,False,0
830,band_lowlevel_spectral_energyband_high_dmean,False,False,False,False,False,False,0
831,band_lowlevel_spectral_energy_var,False,False,False,False,False,False,0
832,band_lowlevel_spectral_energy_stdev,False,False,False,False,False,False,0
833,band_lowlevel_spectral_energy_skew,False,False,False,False,False,False,0
834,band_lowlevel_spectral_energy_median,False,False,False,False,False,False,0
835,band_lowlevel_spectral_energy_mean,False,False,False,False,False,False,0
836,band_lowlevel_spectral_energy_kurt,False,False,False,False,False,False,0
837,band_lowlevel_spectral_energy_dvar2,False,False,False,False,False,False,0
838,band_lowlevel_spectral_energy_dvar,False,False,False,False,False,False,0
839,band_lowlevel_spectral_energy_dmean2,False,False,False,False,False,False,0
840,band_lowlevel_spectral_energy_dmean,False,False,False,False,False,False,0
841,band_lowlevel_spectral_decrease_var,False,False,False,False,False,False,0
842,band_lowlevel_spectral_decrease_stdev,False,False,False,False,False,False,0
843,band_lowlevel_spectral_decrease_skew,False,False,False,False,False,False,0
844,band_lowlevel_spectral_decrease_median,False,False,False,False,False,False,0
845,band_lowlevel_spectral_decrease_mean,False,False,False,False,False,False,0
846,band_lowlevel_spectral_decrease_kurt,False,False,False,False,False,False,0
847,band_lowlevel_spectral_decrease_dvar2,False,False,False,False,False,False,0
848,band_lowlevel_spectral_decrease_dvar,False,False,False,False,False,False,0
849,band_lowlevel_spectral_decrease_dmean2,False,False,False,False,False,False,0
850,band_lowlevel_spectral_decrease_dmean,False,False,False,False,False,False,0
851,band_lowlevel_spectral_complexity_var,False,False,False,False,False,False,0
852,band_lowlevel_spectral_complexity_stdev,False,False,False,False,False,False,0
853,band_lowlevel_spectral_complexity_skew,False,False,False,False,False,False,0
854,band_lowlevel_spectral_complexity_median,False,False,False,False,False,False,0
855,band_lowlevel_spectral_complexity_mean,False,False,False,False,False,False,0
856,band_lowlevel_spectral_complexity_kurt,False,False,False,False,False,False,0
857,band_lowlevel_spectral_complexity_dvar2,False,False,False,False,False,False,0
858,band_lowlevel_spectral_complexity_dvar,False,False,False,False,False,False,0
859,band_lowlevel_spectral_complexity_dmean2,False,False,False,False,False,False,0
860,band_lowlevel_spectral_complexity_dmean,False,False,False,False,False,False,0
861,band_lowlevel_spectral_centroid_var,False,False,False,False,False,False,0
862,band_lowlevel_spectral_centroid_stdev,False,False,False,False,False,False,0
863,band_lowlevel_spectral_centroid_skew,False,False,False,False,False,False,0
864,band_lowlevel_spectral_centroid_median,False,False,False,False,False,False,0
865,band_lowlevel_spectral_centroid_mean,False,False,False,False,False,False,0
866,band_lowlevel_spectral_centroid_kurt,False,False,False,False,False,False,0
867,band_lowlevel_spectral_centroid_dvar2,False,False,False,False,False,False,0
868,band_lowlevel_spectral_centroid_dvar,False,False,False,False,False,False,0
869,band_lowlevel_spectral_centroid_dmean2,False,False,False,False,False,False,0
870,band_lowlevel_spectral_centroid_dmean,False,False,False,False,False,False,0
871,band_lowlevel_silence_rate_60dB_var,False,False,False,False,False,False,0
872,band_lowlevel_silence_rate_60dB_stdev,False,False,False,False,False,False,0
873,band_lowlevel_silence_rate_60dB_skew,False,False,False,False,False,False,0
874,band_lowlevel_silence_rate_60dB_median,False,False,False,False,False,False,0
875,band_lowlevel_silence_rate_60dB_mean,False,False,False,False,False,False,0
876,band_lowlevel_silence_rate_60dB_kurt,False,False,False,False,False,False,0
877,band_lowlevel_silence_rate_60dB_dvar2,False,False,False,False,False,False,0
878,band_lowlevel_silence_rate_60dB_dvar,False,False,False,False,False,False,0
879,band_lowlevel_silence_rate_60dB_dmean2,False,False,False,False,False,False,0
880,band_lowlevel_silence_rate_60dB_dmean,False,False,False,False,False,False,0
881,band_lowlevel_silence_rate_30dB_var,False,False,False,False,False,False,0
882,band_lowlevel_silence_rate_30dB_stdev,False,False,False,False,False,False,0
883,band_lowlevel_silence_rate_30dB_skew,False,False,False,False,False,False,0
884,band_lowlevel_silence_rate_30dB_median,False,False,False,False,False,False,0
885,band_lowlevel_silence_rate_30dB_mean,False,False,False,False,False,False,0
886,band_lowlevel_silence_rate_30dB_kurt,False,False,False,False,False,False,0
887,band_lowlevel_silence_rate_30dB_dvar2,False,False,False,False,False,False,0
888,band_lowlevel_silence_rate_30dB_dvar,False,False,False,False,False,False,0
889,band_lowlevel_silence_rate_30dB_dmean2,False,False,False,False,False,False,0
890,band_lowlevel_silence_rate_30dB_dmean,False,False,False,False,False,False,0
891,band_lowlevel_silence_rate_20dB_var,False,False,False,False,False,False,0
892,band_lowlevel_silence_rate_20dB_stdev,False,False,False,False,False,False,0
893,band_lowlevel_silence_rate_20dB_skew,False,False,False,False,False,False,0
894,band_lowlevel_silence_rate_20dB_median,False,False,False,False,False,False,0
895,band_lowlevel_silence_rate_20dB_mean,False,False,False,False,False,False,0
896,band_lowlevel_silence_rate_20dB_kurt,False,False,False,False,False,False,0
897,band_lowlevel_silence_rate_20dB_dvar2,False,False,False,False,False,False,0
898,band_lowlevel_silence_rate_20dB_dvar,False,False,False,False,False,False,0
899,band_lowlevel_silence_rate_20dB_dmean2,False,False,False,False,False,False,0
900,band_lowlevel_silence_rate_20dB_dmean,False,False,False,False,False,False,0
901,band_lowlevel_pitch_salience_var,False,False,False,False,False,False,0
902,band_lowlevel_pitch_salience_stdev,False,False,False,False,False,False,0
903,band_lowlevel_pitch_salience_skew,False,False,False,False,False,False,0
904,band_lowlevel_pitch_salience_median,False,False,False,False,False,False,0
905,band_lowlevel_pitch_salience_mean,False,False,False,False,False,False,0
906,band_lowlevel_pitch_salience_kurt,False,False,False,False,False,False,0
907,band_lowlevel_pitch_salience_dvar2,False,False,False,False,False,False,0
908,band_lowlevel_pitch_salience_dvar,False,False,False,False,False,False,0
909,band_lowlevel_pitch_salience_dmean2,False,False,False,False,False,False,0
910,band_lowlevel_pitch_salience_dmean,False,False,False,False,False,False,0
911,band_lowlevel_melbands_spread_var,False,False,False,False,False,False,0
912,band_lowlevel_melbands_spread_stdev,False,False,False,False,False,False,0
913,band_lowlevel_melbands_spread_skew,False,False,False,False,False,False,0
914,band_lowlevel_melbands_spread_median,False,False,False,False,False,False,0
915,band_lowlevel_melbands_spread_mean,False,False,False,False,False,False,0
916,band_lowlevel_melbands_spread_kurt,False,False,False,False,False,False,0
917,band_lowlevel_melbands_spread_dvar2,False,False,False,False,False,False,0
918,band_lowlevel_melbands_spread_dvar,False,False,False,False,False,False,0
919,band_lowlevel_melbands_spread_dmean2,False,False,False,False,False,False,0
920,band_lowlevel_melbands_spread_dmean,False,False,False,False,False,False,0
921,band_lowlevel_melbands_skewness_var,False,False,False,False,False,False,0
922,band_lowlevel_melbands_skewness_stdev,False,False,False,False,False,False,0
923,band_lowlevel_melbands_skewness_skew,False,False,False,False,False,False,0
924,band_lowlevel_melbands_skewness_median,False,False,False,False,False,False,0
925,band_lowlevel_melbands_skewness_mean,False,False,False,False,False,False,0
926,band_lowlevel_melbands_skewness_kurt,False,False,False,False,False,False,0
927,band_lowlevel_melbands_skewness_dvar2,False,False,False,False,False,False,0
928,band_lowlevel_melbands_skewness_dvar,False,False,False,False,False,False,0
929,band_lowlevel_melbands_skewness_dmean2,False,False,False,False,False,False,0
930,band_lowlevel_melbands_skewness_dmean,False,False,False,False,False,False,0
931,band_lowlevel_melbands_kurtosis_var,False,False,False,False,False,False,0
932,band_lowlevel_melbands_kurtosis_stdev,False,False,False,False,False,False,0
933,band_lowlevel_melbands_kurtosis_skew,False,False,False,False,False,False,0
934,band_lowlevel_melbands_kurtosis_median,False,False,False,False,False,False,0
935,band_lowlevel_melbands_kurtosis_mean,False,False,False,False,False,False,0
936,band_lowlevel_melbands_kurtosis_kurt,False,False,False,False,False,False,0
937,band_lowlevel_melbands_kurtosis_dvar2,False,False,False,False,False,False,0
938,band_lowlevel_melbands_kurtosis_dvar,False,False,False,False,False,False,0
939,band_lowlevel_melbands_kurtosis_dmean2,False,False,False,False,False,False,0
940,band_lowlevel_melbands_kurtosis_dmean,False,False,False,False,False,False,0
941,band_lowlevel_melbands_flatness_db_var,False,False,False,False,False,False,0
942,band_lowlevel_melbands_flatness_db_stdev,False,False,False,False,False,False,0
943,band_lowlevel_melbands_flatness_db_skew,False,False,False,False,False,False,0
944,band_lowlevel_melbands_flatness_db_median,False,False,False,False,False,False,0
945,band_lowlevel_melbands_flatness_db_mean,False,False,False,False,False,False,0
946,band_lowlevel_melbands_flatness_db_kurt,False,False,False,False,False,False,0
947,band_lowlevel_melbands_flatness_db_dvar2,False,False,False,False,False,False,0
948,band_lowlevel_melbands_flatness_db_dvar,False,False,False,False,False,False,0
949,band_lowlevel_melbands_flatness_db_dmean2,False,False,False,False,False,False,0
950,band_lowlevel_melbands_flatness_db_dmean,False,False,False,False,False,False,0
951,band_lowlevel_melbands_crest_var,False,False,False,False,False,False,0
952,band_lowlevel_melbands_crest_stdev,False,False,False,False,False,False,0
953,band_lowlevel_melbands_crest_skew,False,False,False,False,False,False,0
954,band_lowlevel_melbands_crest_median,False,False,False,False,False,False,0
955,band_lowlevel_melbands_crest_mean,False,False,False,False,False,False,0
956,band_lowlevel_melbands_crest_kurt,False,False,False,False,False,False,0
957,band_lowlevel_melbands_crest_dvar2,False,False,False,False,False,False,0
958,band_lowlevel_melbands_crest_dvar,False,False,False,False,False,False,0
959,band_lowlevel_melbands_crest_dmean2,False,False,False,False,False,False,0
960,band_lowlevel_melbands_crest_dmean,False,False,False,False,False,False,0
961,band_lowlevel_loudness_ebu128_short_term_var,False,False,False,False,False,False,0
962,band_lowlevel_loudness_ebu128_short_term_stdev,False,False,False,False,False,False,0
963,band_lowlevel_loudness_ebu128_short_term_skew,False,False,False,False,False,False,0
964,band_lowlevel_loudness_ebu128_short_term_median,False,False,False,False,False,False,0
965,band_lowlevel_loudness_ebu128_short_term_mean,False,False,False,False,False,False,0
966,band_lowlevel_loudness_ebu128_short_term_kurt,False,False,False,False,False,False,0
967,band_lowlevel_loudness_ebu128_short_term_dvar2,False,False,False,False,False,False,0
968,band_lowlevel_loudness_ebu128_short_term_dvar,False,False,False,False,False,False,0
969,band_lowlevel_loudness_ebu128_short_term_dmean2,False,False,False,False,False,False,0
970,band_lowlevel_loudness_ebu128_short_term_dmean,False,False,False,False,False,False,0
971,band_lowlevel_loudness_ebu128_momentary_var,False,False,False,False,False,False,0
972,band_lowlevel_loudness_ebu128_momentary_stdev,False,False,False,False,False,False,0
973,band_lowlevel_loudness_ebu128_momentary_skew,False,False,False,False,False,False,0
974,band_lowlevel_loudness_ebu128_momentary_median,False,False,False,False,False,False,0
975,band_lowlevel_loudness_ebu128_momentary_mean,False,False,False,False,False,False,0
976,band_lowlevel_loudness_ebu128_momentary_kurt,False,False,False,False,False,False,0
977,band_lowlevel_loudness_ebu128_momentary_dvar2,False,False,False,False,False,False,0
978,band_lowlevel_loudness_ebu128_momentary_dvar,False,False,False,False,False,False,0
979,band_lowlevel_loudness_ebu128_momentary_dmean2,False,False,False,False,False,False,0
980,band_lowlevel_loudness_ebu128_momentary_dmean,False,False,False,False,False,False,0
981,band_lowlevel_loudness_ebu128_loudness_range,False,False,False,False,False,False,0
982,band_lowlevel_loudness_ebu128_integrated,False,False,False,False,False,False,0
983,band_lowlevel_hfc_var,False,False,False,False,False,False,0
984,band_lowlevel_hfc_stdev,False,False,False,False,False,False,0
985,band_lowlevel_hfc_skew,False,False,False,False,False,False,0
986,band_lowlevel_hfc_median,False,False,False,False,False,False,0
987,band_lowlevel_hfc_mean,False,False,False,False,False,False,0
988,band_lowlevel_hfc_kurt,False,False,False,False,False,False,0
989,band_lowlevel_hfc_dvar2,False,False,False,False,False,False,0
990,band_lowlevel_hfc_dvar,False,False,False,False,False,False,0
991,band_lowlevel_hfc_dmean2,False,False,False,False,False,False,0
992,band_lowlevel_hfc_dmean,False,False,False,False,False,False,0
993,band_lowlevel_erbbands_spread_skew,False,False,False,False,False,False,0
994,band_lowlevel_erbbands_spread_median,False,False,False,False,False,False,0
995,band_lowlevel_erbbands_spread_mean,False,False,False,False,False,False,0
996,band_lowlevel_erbbands_spread_kurt,False,False,False,False,False,False,0
997,band_lowlevel_erbbands_spread_dvar2,False,False,False,False,False,False,0
998,band_lowlevel_erbbands_spread_dvar,False,False,False,False,False,False,0
999,band_lowlevel_erbbands_spread_dmean2,False,False,False,False,False,False,0
1000,band_lowlevel_erbbands_spread_dmean,False,False,False,False,False,False,0
1001,band_lowlevel_erbbands_skewness_var,False,False,False,False,False,False,0
1002,band_lowlevel_erbbands_skewness_stdev,False,False,False,False,False,False,0
1003,band_lowlevel_erbbands_skewness_skew,False,False,False,False,False,False,0
1004,band_lowlevel_erbbands_skewness_median,False,False,False,False,False,False,0
1005,band_lowlevel_erbbands_skewness_mean,False,False,False,False,False,False,0
1006,band_lowlevel_erbbands_skewness_kurt,False,False,False,False,False,False,0
1007,band_lowlevel_erbbands_skewness_dvar2,False,False,False,False,False,False,0
1008,band_lowlevel_erbbands_skewness_dvar,False,False,False,False,False,False,0
1009,band_lowlevel_erbbands_skewness_dmean2,False,False,False,False,False,False,0
1010,band_lowlevel_erbbands_skewness_dmean,False,False,False,False,False,False,0
1011,band_lowlevel_erbbands_kurtosis_var,False,False,False,False,False,False,0
1012,band_lowlevel_erbbands_kurtosis_stdev,False,False,False,False,False,False,0
1013,band_lowlevel_erbbands_kurtosis_skew,False,False,False,False,False,False,0
1014,band_lowlevel_erbbands_kurtosis_median,False,False,False,False,False,False,0
1015,band_lowlevel_erbbands_kurtosis_mean,False,False,False,False,False,False,0
1016,band_lowlevel_erbbands_kurtosis_kurt,False,False,False,False,False,False,0
1017,band_lowlevel_erbbands_kurtosis_dvar2,False,False,False,False,False,False,0
1018,band_lowlevel_erbbands_kurtosis_dvar,False,False,False,False,False,False,0
1019,band_lowlevel_erbbands_kurtosis_dmean2,False,False,False,False,False,False,0
1020,band_lowlevel_erbbands_kurtosis_dmean,False,False,False,False,False,False,0
1021,band_lowlevel_erbbands_flatness_db_var,False,False,False,False,False,False,0
1022,band_lowlevel_erbbands_flatness_db_stdev,False,False,False,False,False,False,0
1023,band_lowlevel_erbbands_flatness_db_skew,False,False,False,False,False,False,0
1024,band_lowlevel_erbbands_flatness_db_median,False,False,False,False,False,False,0
1025,band_lowlevel_erbbands_flatness_db_mean,False,False,False,False,False,False,0
1026,band_lowlevel_erbbands_flatness_db_kurt,False,False,False,False,False,False,0
1027,band_lowlevel_erbbands_flatness_db_dvar2,False,False,False,False,False,False,0
1028,band_lowlevel_erbbands_flatness_db_dvar,False,False,False,False,False,False,0
1029,band_lowlevel_erbbands_flatness_db_dmean2,False,False,False,False,False,False,0
1030,band_lowlevel_erbbands_flatness_db_dmean,False,False,False,False,False,False,0
1031,band_lowlevel_erbbands_crest_var,False,False,False,False,False,False,0
1032,band_lowlevel_erbbands_crest_stdev,False,False,False,False,False,False,0
1033,band_lowlevel_erbbands_crest_skew,False,False,False,False,False,False,0
1034,band_lowlevel_erbbands_crest_median,False,False,False,False,False,False,0
1035,band_lowlevel_erbbands_crest_mean,False,False,False,False,False,False,0
1036,band_lowlevel_erbbands_crest_kurt,False,False,False,False,False,False,0
1037,band_lowlevel_erbbands_crest_dvar2,False,False,False,False,False,False,0
1038,band_lowlevel_erbbands_crest_dvar,False,False,False,False,False,False,0
1039,band_lowlevel_erbbands_crest_dmean2,False,False,False,False,False,False,0
1040,band_lowlevel_erbbands_crest_dmean,False,False,False,False,False,False,0
1041,band_lowlevel_dynamic_complexity,False,False,False,False,False,False,0
1042,band_lowlevel_dissonance_var,False,False,False,False,False,False,0
1043,band_lowlevel_dissonance_stdev,False,False,False,False,False,False,0
1044,band_lowlevel_dissonance_skew,False,False,False,False,False,False,0
1045,band_lowlevel_dissonance_median,False,False,False,False,False,False,0
1046,band_lowlevel_dissonance_mean,False,False,False,False,False,False,0
1047,band_lowlevel_dissonance_kurt,False,False,False,False,False,False,0
1048,band_lowlevel_dissonance_dvar2,False,False,False,False,False,False,0
1049,band_lowlevel_dissonance_dvar,False,False,False,False,False,False,0
1050,band_lowlevel_dissonance_dmean2,False,False,False,False,False,False,0
1051,band_lowlevel_dissonance_dmean,False,False,False,False,False,False,0
1052,band_lowlevel_barkbands_spread_var,False,False,False,False,False,False,0
1053,band_lowlevel_barkbands_spread_stdev,False,False,False,False,False,False,0
1054,band_lowlevel_barkbands_spread_skew,False,False,False,False,False,False,0
1055,band_lowlevel_barkbands_spread_median,False,False,False,False,False,False,0
1056,band_lowlevel_barkbands_spread_mean,False,False,False,False,False,False,0
1057,band_lowlevel_barkbands_spread_kurt,False,False,False,False,False,False,0
1058,band_lowlevel_barkbands_spread_dvar2,False,False,False,False,False,False,0
1059,band_lowlevel_barkbands_spread_dvar,False,False,False,False,False,False,0
1060,band_lowlevel_barkbands_spread_dmean2,False,False,False,False,False,False,0
1061,band_lowlevel_barkbands_spread_dmean,False,False,False,False,False,False,0
1062,band_lowlevel_barkbands_skewness_var,False,False,False,False,False,False,0
1063,band_lowlevel_barkbands_skewness_stdev,False,False,False,False,False,False,0
1064,band_lowlevel_barkbands_skewness_skew,False,False,False,False,False,False,0
1065,band_lowlevel_barkbands_skewness_median,False,False,False,False,False,False,0
1066,band_lowlevel_barkbands_skewness_mean,False,False,False,False,False,False,0
1067,band_lowlevel_barkbands_skewness_kurt,False,False,False,False,False,False,0
1068,band_lowlevel_barkbands_skewness_dvar2,False,False,False,False,False,False,0
1069,band_lowlevel_barkbands_skewness_dvar,False,False,False,False,False,False,0
1070,band_lowlevel_barkbands_skewness_dmean2,False,False,False,False,False,False,0
1071,band_lowlevel_barkbands_skewness_dmean,False,False,False,False,False,False,0
1072,band_lowlevel_barkbands_kurtosis_var,False,False,False,False,False,False,0
1073,band_lowlevel_barkbands_kurtosis_stdev,False,False,False,False,False,False,0
1074,band_lowlevel_barkbands_kurtosis_skew,False,False,False,False,False,False,0
1075,band_lowlevel_barkbands_kurtosis_median,False,False,False,False,False,False,0
1076,band_lowlevel_barkbands_kurtosis_mean,False,False,False,False,False,False,0
1077,band_lowlevel_barkbands_kurtosis_kurt,False,False,False,False,False,False,0
1078,band_lowlevel_barkbands_kurtosis_dvar2,False,False,False,False,False,False,0
1079,band_lowlevel_barkbands_kurtosis_dvar,False,False,False,False,False,False,0
1080,band_lowlevel_barkbands_kurtosis_dmean2,False,False,False,False,False,False,0
1081,band_lowlevel_barkbands_kurtosis_dmean,False,False,False,False,False,False,0
1082,band_lowlevel_barkbands_flatness_db_var,False,False,False,False,False,False,0
1083,band_lowlevel_barkbands_flatness_db_stdev,False,False,False,False,False,False,0
1084,band_lowlevel_barkbands_flatness_db_skew,False,False,False,False,False,False,0
1085,band_lowlevel_barkbands_flatness_db_median,False,False,False,False,False,False,0
1086,band_lowlevel_barkbands_flatness_db_mean,False,False,False,False,False,False,0
1087,band_lowlevel_barkbands_flatness_db_kurt,False,False,False,False,False,False,0
1088,band_lowlevel_barkbands_flatness_db_dvar2,False,False,False,False,False,False,0
1089,band_lowlevel_barkbands_flatness_db_dvar,False,False,False,False,False,False,0
1090,band_lowlevel_barkbands_flatness_db_dmean2,False,False,False,False,False,False,0
1091,band_lowlevel_barkbands_flatness_db_dmean,False,False,False,False,False,False,0
1092,band_lowlevel_barkbands_crest_var,False,False,False,False,False,False,0
1093,band_lowlevel_barkbands_crest_stdev,False,False,False,False,False,False,0
1094,band_lowlevel_barkbands_crest_skew,False,False,False,False,False,False,0
1095,band_lowlevel_barkbands_crest_median,False,False,False,False,False,False,0
1096,band_lowlevel_barkbands_crest_mean,False,False,False,False,False,False,0
1097,band_lowlevel_barkbands_crest_kurt,False,False,False,False,False,False,0
1098,band_lowlevel_barkbands_crest_dvar2,False,False,False,False,False,False,0
1099,band_lowlevel_barkbands_crest_dvar,False,False,False,False,False,False,0
1100,band_lowlevel_barkbands_crest_dmean2,False,False,False,False,False,False,0
1101,band_lowlevel_barkbands_crest_dmean,False,False,False,False,False,False,0
1102,band_lowlevel_average_loudness,False,False,False,False,False,False,0
1103,band_hum__Q0_0_1_Q1_0_75__salience_stdev,False,False,False,False,False,False,0
1104,band_hum__Q0_0_1_Q1_0_75__salience_skew,False,False,False,False,False,False,0
1105,band_hum__Q0_0_1_Q1_0_75__salience_mean,False,False,False,False,False,False,0
1106,band_hum__Q0_0_1_Q1_0_75__length_stdev,False,False,False,False,False,False,0
1107,band_hum__Q0_0_1_Q1_0_75__length_skew,False,False,False,False,False,False,0
1108,band_hum__Q0_0_1_Q1_0_75__length_mean,False,False,False,False,False,False,0
1109,band_hum__Q0_0_1_Q1_0_75__instances,False,False,False,False,False,False,0
1110,band_hum__Q0_0_1_Q1_0_75__frequency_stdev,False,False,False,False,False,False,0
1111,band_hum__Q0_0_1_Q1_0_75__frequency_skew,False,False,False,False,False,False,0
1112,band_hum__Q0_0_1_Q1_0_75__frequency_mean,False,False,False,False,False,False,0
1113,band_hum__Q0_0_1_Q1_0_55__salience_stdev,False,False,False,False,False,False,0
1114,band_hum__Q0_0_1_Q1_0_55__salience_skew,False,False,False,False,False,False,0
1115,band_hum__Q0_0_1_Q1_0_55__salience_mean,False,False,False,False,False,False,0
1116,band_hum__Q0_0_1_Q1_0_55__length_stdev,False,False,False,False,False,False,0
1117,band_hum__Q0_0_1_Q1_0_55__length_skew,False,False,False,False,False,False,0
1118,band_hum__Q0_0_1_Q1_0_55__length_mean,False,False,False,False,False,False,0
1119,band_hum__Q0_0_1_Q1_0_55__instances,False,False,False,False,False,False,0
1120,band_hum__Q0_0_1_Q1_0_55__frequency_stdev,False,False,False,False,False,False,0
1121,band_hum__Q0_0_1_Q1_0_55__frequency_skew,False,False,False,False,False,False,0
1122,band_hum__Q0_0_1_Q1_0_55__frequency_mean,False,False,False,False,False,False,0
1123,band_hum__Q0_0_1_Q1_0_25__salience_stdev,False,False,False,False,False,False,0
1124,band_hum__Q0_0_1_Q1_0_25__salience_skew,False,False,False,False,False,False,0
1125,band_hum__Q0_0_1_Q1_0_25__salience_mean,False,False,False,False,False,False,0
1126,band_hum__Q0_0_1_Q1_0_25__length_stdev,False,False,False,False,False,False,0
1127,band_hum__Q0_0_1_Q1_0_25__length_skew,False,False,False,False,False,False,0
1128,band_hum__Q0_0_1_Q1_0_25__length_mean,False,False,False,False,False,False,0
1129,band_hum__Q0_0_1_Q1_0_25__instances,False,False,False,False,False,False,0
1130,band_hum__Q0_0_1_Q1_0_25__frequency_stdev,False,False,False,False,False,False,0
1131,band_hum__Q0_0_1_Q1_0_25__frequency_skew,False,False,False,False,False,False,0
1132,band_hum__Q0_0_1_Q1_0_25__frequency_mean,False,False,False,False,False,False,0
1133,band_flat_std,False,False,False,False,False,False,0
1134,band_flat_skew,False,False,False,False,False,False,0
1135,band_flat_mean,False,False,False,False,False,False,0
1136,band_discontinuity_locations_stdev,False,False,False,False,False,False,0
1137,band_discontinuity_locations_skew,False,False,False,False,False,False,0
1138,band_discontinuity_locations_mean,False,False,False,False,False,False,0
1139,band_discontinuity_instances,False,False,False,False,False,False,0
1140,band_discontinuity_amplitudes_stdev,False,False,False,False,False,False,0
1141,band_discontinuity_amplitudes_skew,False,False,False,False,False,False,0
1142,band_discontinuity_amplitudes_mean,False,False,False,False,False,False,0
1143,band_contrast_6_std,False,False,False,False,False,False,0
1144,band_contrast_6_mean,False,False,False,False,False,False,0
1145,band_contrast_5_std,False,False,False,False,False,False,0
1146,band_contrast_5_mean,False,False,False,False,False,False,0
1147,band_contrast_4_std,False,False,False,False,False,False,0
1148,band_contrast_4_mean,False,False,False,False,False,False,0
1149,band_contrast_3_std,False,False,False,False,False,False,0
1150,band_contrast_3_mean,False,False,False,False,False,False,0
1151,band_contrast_2_std,False,False,False,False,False,False,0
1152,band_contrast_2_mean,False,False,False,False,False,False,0
1153,band_contrast_1_std,False,False,False,False,False,False,0
1154,band_contrast_1_mean,False,False,False,False,False,False,0
1155,band_contrast_0_std,False,False,False,False,False,False,0
1156,band_contrast_0_mean,False,False,False,False,False,False,0
1157,band_clicks_starts_stdev,False,False,False,False,False,False,0
1158,band_clicks_starts_skew,False,False,False,False,False,False,0
1159,band_clicks_starts_mean,False,False,False,False,False,False,0
1160,band_clicks_instances,False,False,False,False,False,False,0
1161,band_clicks_durations_stdev,False,False,False,False,False,False,0
1162,band_clicks_durations_skew,False,False,False,False,False,False,0
1163,band_clicks_durations_mean,False,False,False,False,False,False,0
1164,band_chroma_9_std,False,False,False,False,False,False,0
1165,band_chroma_9_mean,False,False,False,False,False,False,0
1166,band_chroma_8_std,False,False,False,False,False,False,0
1167,band_chroma_8_mean,False,False,False,False,False,False,0
1168,band_chroma_7_std,False,False,False,False,False,False,0
1169,band_chroma_7_mean,False,False,False,False,False,False,0
1170,band_chroma_6_std,False,False,False,False,False,False,0
1171,band_chroma_6_mean,False,False,False,False,False,False,0
1172,band_chroma_5_std,False,False,False,False,False,False,0
1173,band_chroma_5_mean,False,False,False,False,False,False,0
1174,band_chroma_4_std,False,False,False,False,False,False,0
1175,band_chroma_3_std,False,False,False,False,False,False,0
1176,band_chroma_3_mean,False,False,False,False,False,False,0
1177,band_chroma_2_std,False,False,False,False,False,False,0
1178,band_chroma_2_mean,False,False,False,False,False,False,0
1179,band_chroma_1_std,False,False,False,False,False,False,0
1180,band_chroma_1_mean,False,False,False,False,False,False,0
1181,band_chroma_11_std,False,False,False,False,False,False,0
1182,band_chroma_11_mean,False,False,False,False,False,False,0
1183,band_chroma_10_std,False,False,False,False,False,False,0
1184,band_chroma_10_mean,False,False,False,False,False,False,0
1185,band_chroma_0_std,False,False,False,False,False,False,0
1186,band_chroma_0_mean,False,False,False,False,False,False,0
1187,band_cent_std,False,False,False,False,False,False,0
1188,band_cent_skew,False,False,False,False,False,False,0
1189,band_cent_mean,False,False,False,False,False,False,0
